Date,Organization_ID,Energy_Consumption_kWh,Temperature_C,Humidity_%,Wind_Speed_kmh,Precipitation_mm,Weather_Condition
2021-01-01,7,1173.57,36.3,78,17.7,10.0,Cloudy
2021-01-02,4,812.7,17.4,21,6.7,2.0,Cloudy
2021-01-03,8,824.89,29.4,95,8.1,0.0,Snowy
2021-01-04,5,1040.92,13.1,29,11.4,0.0,Sunny
2021-01-05,7,879.47,17.0,63,3.5,0.0,Rainy
2021-01-06,10,1260.37,11.9,30,6.2,2.0,Rainy
2021-01-07,3,874.52,-1.3,98,10.1,0.5,Snowy
2021-01-08,7,900.92,19.6,99,8.5,5.0,Cloudy
2021-01-09,8,1083.77,21.3,21,13.0,2.0,Sunny
2021-01-10,5,922.14,30.7,69,23.8,0.5,Sunny
2021-01-11,4,753.01,28.0,31,10.5,0.5,Cloudy
2021-01-12,8,780.13,28.1,42,5.8,10.0,Rainy
2021-01-13,8,1107.55,10.3,37,17.1,2.0,Sunny
2021-01-14,3,728.26,24.6,81,2.1,2.0,Snowy
2021-01-15,6,1279.43,35.8,81,3.1,0.5,Rainy
2021-01-16,5,861.92,23.8,57,7.0,0.5,Snowy
2021-01-17,2,1123.24,38.3,86,8.6,0.5,Rainy
2021-01-18,8,873.92,40.2,57,6.9,10.0,Cloudy
2021-01-19,6,816.95,17.3,86,9.8,2.0,Snowy
2021-01-20,2,1049.22,13.0,80,11.4,0.5,Snowy
2021-01-21,5,1210.36,12.4,20,15.3,0.0,Cloudy
2021-01-22,1,950.53,4.8,64,10.5,2.0,Snowy
2021-01-23,10,986.9,14.8,47,7.2,10.0,Rainy
2021-01-24,6,1161.48,32.1,40,15.1,0.0,Sunny
2021-01-25,9,1168.11,-2.0,32,5.9,1.0,Sunny
2021-01-26,1,992.3,9.6,46,1.8,2.0,Cloudy
2021-01-27,10,911.3,18.7,26,16.0,1.0,Rainy
2021-01-28,3,1016.53,11.2,41,15.7,0.5,Snowy
2021-01-29,7,961.82,14.7,93,6.0,10.0,Snowy
2021-01-30,4,1062.59,14.9,72,8.0,0.5,Sunny
2021-01-31,9,761.15,17.4,98,5.4,10.0,Snowy
2021-02-01,3,1055.44,12.7,98,11.6,5.0,Sunny
2021-02-02,5,856.34,11.9,23,18.7,0.5,Cloudy
2021-02-03,3,1181.18,29.3,42,13.5,1.0,Snowy
2021-02-04,7,865.51,30.5,89,15.2,10.0,Rainy
2021-02-05,5,868.98,6.2,95,14.1,0.5,Snowy
2021-02-06,9,1089.08,-7.6,52,10.0,2.0,Sunny
2021-02-07,7,1002.84,30.6,47,15.4,10.0,Cloudy
2021-02-08,2,1455.33,7.7,27,13.7,10.0,Sunny
2021-02-09,4,674.14,22.1,20,17.2,0.5,Snowy
2021-02-10,9,1021.97,4.3,56,7.7,5.0,Sunny
2021-02-11,2,1225.93,33.0,82,1.3,0.5,Sunny
2021-02-12,10,884.34,45.4,41,15.2,1.0,Cloudy
2021-02-13,9,817.89,21.8,89,11.7,1.0,Rainy
2021-02-14,10,825.83,19.1,40,8.5,10.0,Snowy
2021-02-15,5,677.61,16.8,54,8.8,10.0,Cloudy
2021-02-16,2,1269.94,27.8,98,22.8,0.5,Rainy
2021-02-17,4,934.08,25.7,24,6.8,1.0,Sunny
2021-02-18,7,910.39,30.0,79,5.7,1.0,Rainy
2021-02-19,8,575.18,13.7,65,10.4,5.0,Sunny
2021-02-20,3,713.26,23.4,69,15.9,2.0,Sunny
2021-02-21,1,1293.08,14.6,67,21.4,5.0,Cloudy
2021-02-22,4,1060.62,9.4,25,13.3,0.0,Sunny
2021-02-23,2,1233.3,19.6,75,3.6,5.0,Cloudy
2021-02-24,8,1208.0,10.8,78,19.9,0.5,Rainy
2021-02-25,4,799.88,31.7,48,9.9,2.0,Rainy
2021-02-26,2,1485.97,11.4,90,5.8,0.5,Sunny
2021-02-27,6,1389.95,23.6,96,4.6,0.0,Cloudy
2021-02-28,6,887.25,14.0,37,14.2,2.0,Sunny
2021-03-01,10,286.36,22.8,21,11.2,10.0,Cloudy
2021-03-02,4,928.69,14.8,27,11.7,1.0,Cloudy
2021-03-03,6,1047.66,7.4,94,16.4,5.0,Cloudy
2021-03-04,2,886.46,24.8,73,6.0,0.5,Rainy
2021-03-05,10,955.7,17.6,57,16.8,0.0,Cloudy
2021-03-06,2,834.27,22.9,67,7.4,1.0,Rainy
2021-03-07,10,1184.33,15.7,46,20.8,5.0,Cloudy
2021-03-08,4,1012.73,6.7,39,13.0,1.0,Rainy
2021-03-09,8,1190.3,30.8,31,5.4,5.0,Snowy
2021-03-10,7,1244.44,27.4,62,-0.1,10.0,Rainy
2021-03-11,9,565.14,14.3,80,14.0,2.0,Rainy
2021-03-12,8,845.9,20.7,50,8.1,1.0,Sunny
2021-03-13,5,875.19,30.4,80,9.2,1.0,Cloudy
2021-03-14,2,1514.27,15.4,93,13.8,1.0,Snowy
2021-03-15,5,1029.8,17.0,86,15.1,2.0,Sunny
2021-03-16,8,1162.51,22.4,54,16.1,0.0,Cloudy
2021-03-17,10,623.86,15.4,34,4.1,5.0,Snowy
2021-03-18,9,1028.64,28.6,35,17.1,10.0,Snowy
2021-03-19,9,1195.66,18.3,32,7.1,1.0,Snowy
2021-03-20,1,1172.39,12.2,54,-1.3,2.0,Cloudy
2021-03-21,9,1124.68,26.1,94,4.1,0.0,Snowy
2021-03-22,7,1002.6,8.6,78,11.1,5.0,Snowy
2021-03-23,9,1012.31,40.1,40,5.1,2.0,Sunny
2021-03-24,8,661.35,35.8,73,9.6,10.0,Rainy
2021-03-25,1,819.89,25.1,94,11.7,10.0,Cloudy
2021-03-26,8,1046.19,24.3,49,9.1,5.0,Rainy
2021-03-27,8,856.8,23.8,67,7.5,1.0,Sunny
2021-03-28,3,1137.77,15.1,54,3.7,10.0,Rainy
2021-03-29,1,1093.36,23.0,57,10.1,0.0,Snowy
2021-03-30,8,1273.47,10.8,50,-0.3,2.0,Snowy
2021-03-31,3,1191.65,25.0,97,6.6,0.0,Cloudy
2021-04-01,3,1045.45,28.7,43,5.4,1.0,Cloudy
2021-04-02,1,1149.6,16.2,68,8.8,0.0,Cloudy
2021-04-03,5,1201.02,14.0,51,8.9,0.0,Sunny
2021-04-04,10,898.51,7.9,74,14.8,0.5,Cloudy
2021-04-05,7,934.13,34.6,98,17.9,0.0,Sunny
2021-04-06,10,980.63,14.8,77,4.4,5.0,Snowy
2021-04-07,9,904.89,18.0,22,20.0,2.0,Rainy
2021-04-08,7,1203.14,23.0,99,6.1,0.5,Snowy
2021-04-09,9,874.54,22.8,88,10.9,2.0,Snowy
2021-04-10,8,1250.33,27.5,29,12.6,2.0,Snowy
2021-04-11,2,926.61,16.2,44,22.2,1.0,Cloudy
2021-04-12,1,1094.48,8.6,87,7.3,1.0,Cloudy
2021-04-13,7,1033.28,6.9,80,1.0,0.5,Cloudy
2021-04-14,7,804.8,14.2,48,17.5,10.0,Rainy
2021-04-15,8,996.02,10.5,38,5.8,1.0,Cloudy
2021-04-16,5,1066.73,17.0,62,8.2,1.0,Sunny
2021-04-17,3,987.14,33.1,85,4.4,1.0,Snowy
2021-04-18,8,731.46,16.2,93,8.2,2.0,Rainy
2021-04-19,6,1340.29,16.2,80,5.8,0.5,Rainy
2021-04-20,3,1017.54,19.8,62,13.4,2.0,Rainy
2021-04-21,1,841.14,15.9,44,10.4,5.0,Rainy
2021-04-22,3,1324.15,19.3,39,6.6,2.0,Rainy
2021-04-23,5,1123.48,25.4,67,15.0,5.0,Sunny
2021-04-24,3,759.97,28.8,43,11.3,0.0,Snowy
2021-04-25,1,791.1,30.0,30,0.8,0.0,Rainy
2021-04-26,5,955.52,40.6,74,14.6,5.0,Snowy
2021-04-27,10,1059.46,25.7,47,10.9,5.0,Cloudy
2021-04-28,7,1124.56,42.3,88,17.0,2.0,Rainy
2021-04-29,7,1190.04,12.2,82,10.6,5.0,Rainy
2021-04-30,9,1107.91,40.9,78,6.0,0.5,Snowy
2021-05-01,10,1269.35,16.2,24,9.0,0.0,Rainy
2021-05-02,10,1025.36,17.2,70,14.0,0.0,Rainy
2021-05-03,3,848.07,18.8,40,6.1,10.0,Rainy
2021-05-04,7,999.33,17.8,31,7.8,5.0,Sunny
2021-05-05,1,986.2,20.9,69,8.9,1.0,Sunny
2021-05-06,4,484.36,14.2,23,4.3,1.0,Rainy
2021-05-07,4,887.73,28.3,61,6.2,5.0,Sunny
2021-05-08,5,1062.84,14.5,57,10.9,0.5,Cloudy
2021-05-09,7,915.16,26.6,44,16.0,1.0,Rainy
2021-05-10,7,870.76,35.3,33,11.6,10.0,Cloudy
2021-05-11,4,1182.28,16.4,94,9.8,5.0,Snowy
2021-05-12,7,816.69,27.9,51,5.8,0.5,Cloudy
2021-05-13,3,1142.32,25.6,30,15.5,0.5,Snowy
2021-05-14,6,733.45,42.5,80,12.2,2.0,Rainy
2021-05-15,2,1552.15,15.0,37,6.5,0.5,Snowy
2021-05-16,10,956.86,28.0,46,14.5,1.0,Snowy
2021-05-17,9,935.35,3.7,74,12.8,1.0,Cloudy
2021-05-18,5,1228.61,15.0,73,5.9,5.0,Cloudy
2021-05-19,6,916.26,23.5,94,9.5,5.0,Cloudy
2021-05-20,4,1290.99,33.9,40,7.5,0.5,Rainy
2021-05-21,10,1074.32,7.7,63,23.2,10.0,Rainy
2021-05-22,7,976.32,27.9,24,12.7,0.0,Cloudy
2021-05-23,9,955.0,19.4,60,10.9,2.0,Rainy
2021-05-24,7,1241.52,4.8,78,12.4,0.0,Rainy
2021-05-25,1,1046.1,21.8,73,16.9,0.5,Snowy
2021-05-26,1,1086.46,37.1,93,9.6,0.5,Snowy
2021-05-27,9,1108.2,8.8,41,7.1,0.0,Cloudy
2021-05-28,9,1026.59,18.9,84,14.2,2.0,Rainy
2021-05-29,4,1103.97,10.1,83,9.1,0.0,Snowy
2021-05-30,9,976.34,15.3,90,4.7,5.0,Sunny
2021-05-31,3,990.04,34.3,23,3.7,1.0,Rainy
2021-06-01,7,776.18,17.3,84,17.6,10.0,Sunny
2021-06-02,6,1059.55,34.0,34,10.7,5.0,Cloudy
2021-06-03,8,656.09,31.1,95,7.1,1.0,Rainy
2021-06-04,9,1056.71,16.4,41,8.8,10.0,Cloudy
2021-06-05,5,943.88,15.0,66,14.0,10.0,Cloudy
2021-06-06,1,1074.92,11.0,65,8.5,10.0,Cloudy
2021-06-07,3,790.23,10.7,33,2.8,0.5,Cloudy
2021-06-08,10,576.13,23.5,69,11.6,10.0,Cloudy
2021-06-09,8,929.83,19.8,39,16.0,2.0,Rainy
2021-06-10,6,790.82,13.8,69,15.7,0.0,Sunny
2021-06-11,8,643.89,4.5,52,7.2,2.0,Rainy
2021-06-12,9,1153.6,21.1,78,16.3,0.0,Rainy
2021-06-13,4,1320.25,15.3,62,11.1,5.0,Rainy
2021-06-14,1,840.61,18.0,98,16.2,5.0,Snowy
2021-06-15,1,984.85,23.0,31,12.9,0.0,Snowy
2021-06-16,10,938.44,-5.0,59,2.4,2.0,Rainy
2021-06-17,4,868.22,4.7,39,18.7,0.0,Sunny
2021-06-18,7,1132.75,43.0,57,10.3,10.0,Rainy
2021-06-19,2,1202.03,14.9,22,12.9,0.5,Cloudy
2021-06-20,3,826.28,-5.2,47,3.3,5.0,Snowy
2021-06-21,1,1008.95,5.5,75,12.5,0.5,Snowy
2021-06-22,5,1256.91,44.8,32,15.5,10.0,Rainy
2021-06-23,1,1137.81,13.0,96,19.7,10.0,Rainy
2021-06-24,8,1167.54,31.6,85,17.0,5.0,Sunny
2021-06-25,1,1273.6,21.2,56,12.8,5.0,Sunny
2021-06-26,1,1270.97,15.2,68,2.3,10.0,Cloudy
2021-06-27,2,1205.73,27.8,85,10.7,1.0,Rainy
2021-06-28,2,1028.99,-3.8,55,7.0,0.5,Rainy
2021-06-29,6,923.5,5.6,73,11.2,0.5,Rainy
2021-06-30,7,1020.7,15.1,45,3.9,1.0,Snowy
2021-07-01,5,893.12,6.6,94,8.9,2.0,Cloudy
2021-07-02,1,609.5,14.2,91,7.4,0.5,Sunny
2021-07-03,1,944.1,28.5,59,7.3,0.0,Snowy
2021-07-04,3,1071.51,21.3,62,7.3,10.0,Snowy
2021-07-05,2,882.55,33.3,41,9.3,10.0,Snowy
2021-07-06,5,961.44,22.0,39,11.4,1.0,Snowy
2021-07-07,10,969.19,29.9,27,-2.5,0.5,Cloudy
2021-07-08,6,1271.37,19.4,48,-1.9,2.0,Rainy
2021-07-09,7,928.11,14.1,59,8.3,0.5,Sunny
2021-07-10,4,1271.33,34.8,49,9.0,10.0,Sunny
2021-07-11,7,457.5,12.9,74,10.9,5.0,Snowy
2021-07-12,8,1269.57,23.4,35,6.4,0.0,Snowy
2021-07-13,1,1259.48,27.7,65,10.0,1.0,Cloudy
2021-07-14,6,1180.45,28.4,81,10.6,5.0,Snowy
2021-07-15,8,597.62,8.3,26,6.3,2.0,Sunny
2021-07-16,5,1203.78,30.5,99,15.1,5.0,Sunny
2021-07-17,4,989.98,10.2,64,10.9,5.0,Rainy
2021-07-18,2,494.13,28.1,78,12.7,2.0,Rainy
2021-07-19,6,1259.64,25.4,75,10.3,5.0,Sunny
2021-07-20,6,1288.83,28.2,67,20.5,1.0,Sunny
2021-07-21,1,619.1,7.9,46,13.0,10.0,Cloudy
2021-07-22,9,1035.08,25.9,72,7.6,0.5,Cloudy
2021-07-23,6,1277.72,30.9,92,14.1,5.0,Sunny
2021-07-24,3,1246.03,21.9,54,1.8,1.0,Snowy
2021-07-25,4,1167.21,11.8,70,10.6,0.5,Rainy
2021-07-26,4,470.55,29.2,56,11.6,0.5,Sunny
2021-07-27,3,1145.91,21.1,76,10.7,5.0,Snowy
2021-07-28,10,956.38,3.3,27,8.3,1.0,Sunny
2021-07-29,3,1199.17,11.0,98,4.9,10.0,Rainy
2021-07-30,3,1051.23,14.7,39,6.1,5.0,Rainy
2021-07-31,4,996.02,35.1,72,10.5,2.0,Cloudy
2021-08-01,7,1128.18,33.3,31,4.4,0.5,Cloudy
2021-08-02,4,965.62,33.3,68,18.9,5.0,Cloudy
2021-08-03,9,995.14,22.3,36,-3.2,0.5,Cloudy
2021-08-04,1,888.96,29.1,83,8.4,1.0,Rainy
2021-08-05,8,678.92,8.6,61,10.6,0.0,Snowy
2021-08-06,7,1113.57,20.1,48,12.5,5.0,Snowy
2021-08-07,2,838.79,24.5,38,5.4,10.0,Snowy
2021-08-08,8,959.84,9.3,30,15.7,5.0,Sunny
2021-08-09,1,1057.39,22.1,69,3.0,0.5,Cloudy
2021-08-10,9,582.96,36.9,90,7.2,1.0,Cloudy
2021-08-11,9,627.73,25.6,77,13.1,2.0,Rainy
2021-08-12,2,940.05,29.2,53,15.2,10.0,Rainy
2021-08-13,7,1090.91,-4.5,39,3.0,1.0,Sunny
2021-08-14,10,1148.81,35.6,69,23.2,5.0,Sunny
2021-08-15,3,681.74,18.1,29,5.5,2.0,Snowy
2021-08-16,7,1127.33,12.3,51,3.4,1.0,Rainy
2021-08-17,10,950.99,18.3,71,12.5,0.0,Cloudy
2021-08-18,9,823.37,5.1,34,8.3,10.0,Snowy
2021-08-19,4,870.29,30.5,22,7.5,0.5,Cloudy
2021-08-20,1,1160.37,16.6,56,13.0,1.0,Snowy
2021-08-21,2,1054.8,12.6,59,2.4,1.0,Cloudy
2021-08-22,1,1010.06,18.3,91,1.5,0.0,Sunny
2021-08-23,5,1048.7,31.2,59,7.0,5.0,Snowy
2021-08-24,5,1185.62,21.3,75,15.4,10.0,Cloudy
2021-08-25,7,980.58,5.9,42,7.2,10.0,Cloudy
2021-08-26,9,1010.86,24.6,30,18.0,0.5,Rainy
2021-08-27,9,1227.63,10.7,83,16.0,1.0,Snowy
2021-08-28,3,933.68,-1.6,27,11.4,2.0,Cloudy
2021-08-29,3,1123.63,35.0,75,11.7,1.0,Rainy
2021-08-30,3,899.26,24.6,79,11.4,0.5,Cloudy
2021-08-31,4,916.83,19.2,29,10.8,1.0,Snowy
2021-09-01,8,979.19,16.5,58,8.2,0.0,Sunny
2021-09-02,6,1103.05,34.0,47,8.7,1.0,Snowy
2021-09-03,8,1238.84,50.9,68,4.7,1.0,Snowy
2021-09-04,1,1019.31,24.5,55,-1.1,2.0,Cloudy
2021-09-05,8,700.03,9.7,32,15.5,0.0,Cloudy
2021-09-06,4,1126.29,18.5,55,10.8,0.0,Snowy
2021-09-07,1,1490.77,24.3,45,10.0,1.0,Rainy
2021-09-08,8,1021.73,-3.5,23,12.0,10.0,Rainy
2021-09-09,4,658.25,23.3,83,5.9,2.0,Rainy
2021-09-10,6,1033.93,24.4,57,5.0,1.0,Cloudy
2021-09-11,8,999.4,33.3,41,8.6,1.0,Cloudy
2021-09-12,4,982.58,32.2,21,16.8,0.5,Snowy
2021-09-13,3,1189.08,21.1,50,4.2,0.5,Sunny
2021-09-14,9,1275.65,35.1,30,-3.1,10.0,Cloudy
2021-09-15,3,1136.72,40.4,65,7.4,2.0,Snowy
2021-09-16,9,973.39,20.3,81,15.7,5.0,Snowy
2021-09-17,2,1225.14,24.2,88,1.3,0.5,Sunny
2021-09-18,2,701.23,2.3,83,4.1,5.0,Rainy
2021-09-19,2,856.79,5.5,29,11.3,0.0,Snowy
2021-09-20,6,879.07,11.6,59,22.8,0.5,Snowy
2021-09-21,3,993.81,15.6,43,3.2,0.5,Snowy
2021-09-22,9,1101.35,9.0,63,3.0,2.0,Rainy
2021-09-23,4,959.86,19.6,79,11.7,10.0,Rainy
2021-09-24,1,818.79,15.9,81,16.0,5.0,Sunny
2021-09-25,4,1194.97,30.7,36,6.9,0.5,Cloudy
2021-09-26,1,952.91,15.3,84,1.9,0.5,Rainy
2021-09-27,5,1020.43,-2.9,76,12.2,2.0,Cloudy
2021-09-28,4,1110.21,21.3,74,13.1,2.0,Cloudy
2021-09-29,8,1007.78,19.9,72,18.9,10.0,Rainy
2021-09-30,8,1008.65,11.4,75,13.3,5.0,Snowy
2021-10-01,7,1206.09,20.9,28,14.1,0.0,Sunny
2021-10-02,3,1030.27,9.2,41,8.7,10.0,Cloudy
2021-10-03,1,1172.56,23.3,32,22.2,0.0,Snowy
2021-10-04,1,1108.93,46.3,67,8.0,1.0,Rainy
2021-10-05,3,1403.38,1.9,37,6.9,0.5,Cloudy
2021-10-06,6,1081.88,14.8,95,19.0,5.0,Cloudy
2021-10-07,7,1127.59,13.2,59,2.6,10.0,Cloudy
2021-10-08,6,1220.33,15.7,36,0.8,0.5,Snowy
2021-10-09,6,1012.72,30.2,34,10.6,5.0,Snowy
2021-10-10,6,872.43,25.4,34,10.0,5.0,Snowy
2021-10-11,3,905.17,28.5,98,8.9,5.0,Cloudy
2021-10-12,6,907.1,20.3,82,15.0,0.5,Cloudy
2021-10-13,8,809.93,6.8,58,5.5,10.0,Sunny
2021-10-14,2,1063.56,8.9,32,10.3,2.0,Sunny
2021-10-15,5,874.1,27.5,51,8.2,0.5,Snowy
2021-10-16,1,1038.97,21.7,28,5.5,5.0,Snowy
2021-10-17,1,968.27,32.6,59,9.7,10.0,Rainy
2021-10-18,5,991.68,22.9,39,14.3,1.0,Snowy
2021-10-19,3,1111.21,8.2,96,20.6,0.0,Sunny
2021-10-20,4,891.62,14.8,99,12.9,5.0,Sunny
2021-10-21,3,1127.78,25.6,92,-2.6,1.0,Sunny
2021-10-22,1,1313.46,27.1,82,9.8,2.0,Cloudy
2021-10-23,1,1068.62,28.6,95,10.2,5.0,Cloudy
2021-10-24,5,843.58,9.5,63,14.7,1.0,Snowy
2021-10-25,6,877.0,8.0,57,10.9,5.0,Rainy
2021-10-26,3,950.35,18.1,79,16.3,0.5,Rainy
2021-10-27,9,881.02,34.4,90,12.0,10.0,Rainy
2021-10-28,5,801.76,13.1,67,17.8,1.0,Cloudy
2021-10-29,8,1030.88,24.5,37,7.8,10.0,Sunny
2021-10-30,1,955.76,24.6,35,10.7,0.5,Sunny
2021-10-31,5,1037.94,27.6,74,14.1,0.5,Cloudy
2021-11-01,3,1237.28,36.6,58,7.1,10.0,Rainy
2021-11-02,1,952.73,35.6,87,6.0,1.0,Rainy
2021-11-03,4,762.92,14.1,78,6.9,10.0,Snowy
2021-11-04,5,920.22,-1.0,81,6.3,10.0,Snowy
2021-11-05,7,1154.09,13.2,32,12.6,0.0,Rainy
2021-11-06,1,1135.35,20.8,25,0.8,1.0,Cloudy
2021-11-07,3,1103.73,16.4,96,2.2,0.0,Rainy
2021-11-08,2,875.06,39.7,79,19.3,5.0,Snowy
2021-11-09,9,1150.38,20.2,33,6.4,10.0,Rainy
2021-11-10,10,1195.38,26.5,73,11.0,5.0,Cloudy
2021-11-11,6,860.92,22.2,23,2.6,1.0,Sunny
2021-11-12,10,991.69,16.5,58,10.5,10.0,Cloudy
2021-11-13,3,1404.08,0.8,91,6.4,5.0,Cloudy
2021-11-14,8,852.03,19.2,44,2.2,2.0,Snowy
2021-11-15,8,658.98,52.5,96,16.7,0.5,Cloudy
2021-11-16,2,1276.58,7.6,51,15.9,10.0,Cloudy
2021-11-17,6,1227.32,1.9,78,9.5,0.5,Snowy
2021-11-18,7,908.61,39.4,82,15.0,0.0,Snowy
2021-11-19,2,977.4,27.4,57,19.5,5.0,Sunny
2021-11-20,10,755.01,21.9,72,13.8,0.0,Rainy
2021-11-21,2,1017.79,33.6,86,12.4,10.0,Cloudy
2021-11-22,10,1233.18,11.7,47,11.0,0.5,Snowy
2021-11-23,1,891.48,18.9,22,13.2,0.5,Sunny
2021-11-24,8,1175.42,29.6,99,8.2,5.0,Rainy
2021-11-25,1,1092.74,41.1,41,8.6,10.0,Snowy
2021-11-26,9,1115.56,8.3,57,12.3,2.0,Rainy
2021-11-27,6,903.14,32.8,91,7.6,2.0,Rainy
2021-11-28,7,929.08,23.8,91,8.2,5.0,Cloudy
2021-11-29,10,630.65,21.6,81,10.0,10.0,Cloudy
2021-11-30,7,886.67,19.9,76,15.8,5.0,Snowy
2021-12-01,10,1232.7,6.2,25,4.3,10.0,Rainy
2021-12-02,3,814.13,29.6,97,13.8,0.0,Snowy
2021-12-03,2,843.94,12.2,51,14.0,5.0,Snowy
2021-12-04,9,1128.04,9.2,29,13.9,10.0,Rainy
2021-12-05,8,1080.55,28.9,22,6.0,2.0,Snowy
2021-12-06,10,1137.97,27.9,78,1.5,10.0,Rainy
2021-12-07,7,767.36,20.8,95,12.8,10.0,Rainy
2021-12-08,9,1512.81,30.8,68,10.9,5.0,Rainy
2021-12-09,4,756.85,34.3,78,15.0,0.0,Rainy
2021-12-10,4,1030.85,33.1,50,6.5,0.0,Sunny
2021-12-11,1,968.27,14.7,88,13.8,0.0,Rainy
2021-12-12,8,762.67,30.1,81,15.3,0.0,Cloudy
2021-12-13,3,925.96,22.1,71,9.5,1.0,Cloudy
2021-12-14,7,1004.66,37.3,60,12.1,5.0,Cloudy
2021-12-15,2,870.01,18.8,50,11.9,0.5,Rainy
2021-12-16,2,1187.44,16.4,41,5.9,5.0,Cloudy
2021-12-17,7,967.67,13.9,23,12.7,1.0,Sunny
2021-12-18,6,731.75,21.9,32,18.1,0.0,Snowy
2021-12-19,3,714.77,24.7,64,10.1,1.0,Rainy
2021-12-20,9,1121.23,24.9,61,2.7,2.0,Cloudy
2021-12-21,10,702.65,23.5,68,6.6,2.0,Sunny
2021-12-22,6,1063.29,26.7,39,1.1,5.0,Snowy
2021-12-23,10,1088.93,17.8,96,16.5,5.0,Sunny
2021-12-24,10,800.93,11.3,73,13.8,0.5,Cloudy
2021-12-25,6,1178.15,10.4,55,7.5,0.5,Sunny
2021-12-26,1,656.44,29.8,20,2.9,2.0,Snowy
2021-12-27,4,1059.29,24.7,34,5.8,0.0,Cloudy
2021-12-28,10,991.83,1.4,96,6.8,1.0,Snowy
2021-12-29,6,976.2,31.0,36,10.5,0.5,Sunny
2021-12-30,6,764.42,38.8,43,10.4,10.0,Rainy
2021-12-31,5,812.6,12.8,77,16.7,0.5,Rainy
2022-01-01,1,1323.76,23.4,91,6.5,0.0,Rainy
2022-01-02,8,1243.03,15.3,42,2.5,0.0,Rainy
2022-01-03,5,1148.42,26.3,65,4.2,5.0,Snowy
2022-01-04,5,1187.97,8.3,91,9.9,1.0,Rainy
2022-01-05,7,1169.2,19.3,27,6.4,0.0,Snowy
2022-01-06,4,935.33,29.8,78,8.5,0.5,Cloudy
2022-01-07,6,1009.52,32.4,78,7.7,0.5,Rainy
2022-01-08,4,705.5,24.3,32,15.0,2.0,Snowy
2022-01-09,3,982.06,16.6,58,7.1,0.0,Rainy
2022-01-10,7,1236.68,4.1,47,8.1,10.0,Rainy
2022-01-11,8,867.86,12.4,80,13.6,5.0,Rainy
2022-01-12,4,1204.63,15.3,35,7.2,1.0,Snowy
2022-01-13,2,1018.32,13.0,21,12.1,10.0,Sunny
2022-01-14,10,722.93,20.6,36,11.7,5.0,Rainy
2022-01-15,3,778.54,16.6,49,10.7,0.5,Rainy
2022-01-16,1,1183.86,21.7,32,4.3,10.0,Cloudy
2022-01-17,8,1110.5,32.0,32,16.1,5.0,Sunny
2022-01-18,3,1020.35,15.9,62,21.1,0.5,Snowy
2022-01-19,10,945.19,6.2,40,10.0,0.5,Cloudy
2022-01-20,7,1042.11,13.0,74,4.8,0.5,Rainy
2022-01-21,10,1176.06,25.8,59,10.1,0.5,Cloudy
2022-01-22,5,1295.17,26.8,34,14.9,0.5,Cloudy
2022-01-23,10,1304.74,24.1,92,6.9,2.0,Rainy
2022-01-24,5,1074.39,33.0,71,9.4,10.0,Sunny
2022-01-25,7,965.61,18.1,93,11.7,5.0,Sunny
2022-01-26,9,1029.25,40.5,72,16.0,2.0,Cloudy
2022-01-27,5,1104.42,28.2,71,13.9,2.0,Rainy
2022-01-28,1,1103.61,-5.2,49,14.1,0.0,Snowy
2022-01-29,10,1261.6,38.0,52,7.9,0.0,Cloudy
2022-01-30,10,1423.15,12.3,76,12.0,0.0,Snowy
2022-01-31,1,958.95,9.7,71,6.4,1.0,Cloudy
2022-02-01,2,1431.18,25.2,28,14.2,0.0,Cloudy
2022-02-02,6,1234.45,2.6,73,15.8,5.0,Rainy
2022-02-03,9,979.84,13.0,20,12.8,2.0,Rainy
2022-02-04,8,1299.71,35.6,63,8.2,5.0,Snowy
2022-02-05,5,1337.13,25.6,94,9.0,10.0,Snowy
2022-02-06,1,907.94,28.1,99,19.0,0.0,Sunny
2022-02-07,7,1346.44,13.4,28,8.2,1.0,Rainy
2022-02-08,5,1215.02,4.6,51,15.2,10.0,Cloudy
2022-02-09,6,1473.71,27.1,34,11.7,1.0,Cloudy
2022-02-10,7,915.19,29.3,31,8.3,10.0,Sunny
2022-02-11,3,929.31,28.8,97,3.3,2.0,Rainy
2022-02-12,10,594.67,22.1,76,11.1,5.0,Cloudy
2022-02-13,3,1114.24,10.3,27,10.5,0.5,Sunny
2022-02-14,5,1075.05,44.4,91,19.0,5.0,Sunny
2022-02-15,6,887.4,24.8,46,5.7,0.0,Cloudy
2022-02-16,9,983.63,18.3,81,21.5,0.5,Cloudy
2022-02-17,5,737.76,18.3,31,11.9,1.0,Snowy
2022-02-18,1,1239.69,21.5,84,11.9,2.0,Rainy
2022-02-19,4,902.06,30.7,61,7.0,2.0,Snowy
2022-02-20,5,1618.81,21.9,81,11.6,1.0,Sunny
2022-02-21,10,964.88,28.6,30,12.4,0.0,Cloudy
2022-02-22,10,848.08,21.5,62,14.7,1.0,Snowy
2022-02-23,5,917.54,18.9,36,5.1,10.0,Sunny
2022-02-24,7,717.61,26.4,51,17.0,0.0,Rainy
2022-02-25,4,1096.45,26.0,59,11.8,0.5,Cloudy
2022-02-26,1,916.02,18.3,42,13.0,1.0,Snowy
2022-02-27,5,1226.25,12.5,75,8.9,0.0,Rainy
2022-02-28,7,945.05,23.4,25,5.4,0.5,Snowy
2022-03-01,10,1276.89,20.8,69,10.4,1.0,Sunny
2022-03-02,10,1151.49,14.5,56,10.9,2.0,Rainy
2022-03-03,6,1005.72,11.6,83,3.1,1.0,Snowy
2022-03-04,5,1316.05,24.1,73,14.0,5.0,Rainy
2022-03-05,4,1190.46,25.5,91,15.0,1.0,Sunny
2022-03-06,2,1589.24,16.4,68,6.4,5.0,Rainy
2022-03-07,4,918.11,14.2,30,4.9,0.5,Snowy
2022-03-08,10,1015.32,11.7,68,8.5,1.0,Sunny
2022-03-09,10,1313.74,23.8,40,10.1,0.5,Cloudy
2022-03-10,3,691.29,12.0,85,8.7,0.5,Snowy
2022-03-11,10,1263.39,42.4,82,9.7,0.0,Snowy
2022-03-12,1,1087.86,15.9,47,11.1,0.5,Sunny
2022-03-13,8,822.36,-4.3,36,3.2,0.5,Sunny
2022-03-14,5,727.39,19.7,25,3.7,1.0,Cloudy
2022-03-15,4,865.5,19.3,38,-3.6,1.0,Snowy
2022-03-16,8,543.04,31.1,75,14.7,2.0,Sunny
2022-03-17,7,902.09,22.9,47,10.1,0.0,Cloudy
2022-03-18,2,1124.51,11.7,85,15.2,0.5,Cloudy
2022-03-19,1,904.74,17.1,57,4.3,0.0,Sunny
2022-03-20,4,1277.66,23.3,56,10.1,5.0,Snowy
2022-03-21,8,1331.99,-1.6,87,11.1,0.5,Rainy
2022-03-22,2,1255.13,33.4,68,7.2,0.0,Rainy
2022-03-23,3,1046.13,11.7,62,2.2,2.0,Cloudy
2022-03-24,1,535.06,34.2,55,18.7,2.0,Rainy
2022-03-25,1,859.26,23.9,77,17.0,0.5,Rainy
2022-03-26,3,971.59,26.3,32,8.1,5.0,Sunny
2022-03-27,5,821.23,31.5,71,12.6,2.0,Cloudy
2022-03-28,3,972.1,25.7,77,7.6,2.0,Snowy
2022-03-29,1,1322.01,26.7,51,5.0,5.0,Cloudy
2022-03-30,1,670.84,18.4,79,19.1,0.0,Sunny
2022-03-31,8,1362.34,23.7,77,1.7,2.0,Rainy
2022-04-01,10,1176.95,14.1,75,8.6,1.0,Snowy
2022-04-02,2,1053.64,16.6,47,10.4,10.0,Cloudy
2022-04-03,3,857.28,39.6,20,18.3,10.0,Rainy
2022-04-04,2,825.21,11.9,61,14.5,2.0,Cloudy
2022-04-05,3,674.76,21.5,67,1.6,0.0,Snowy
2022-04-06,7,1343.35,21.1,59,10.0,0.0,Cloudy
2022-04-07,1,1307.52,16.9,82,10.1,0.5,Cloudy
2022-04-08,10,718.74,25.1,95,8.9,1.0,Cloudy
2022-04-09,8,889.47,25.9,91,13.1,0.0,Rainy
2022-04-10,10,1086.63,10.7,99,3.0,5.0,Snowy
2022-04-11,10,940.1,21.0,23,8.0,1.0,Snowy
2022-04-12,10,616.27,9.2,57,12.4,10.0,Rainy
2022-04-13,2,868.45,27.9,46,13.4,1.0,Rainy
2022-04-14,3,1390.21,21.8,28,10.7,5.0,Rainy
2022-04-15,9,882.0,20.8,35,8.6,2.0,Sunny
2022-04-16,7,967.31,26.6,75,9.4,5.0,Cloudy
2022-04-17,4,770.96,17.2,95,13.7,5.0,Cloudy
2022-04-18,10,1117.55,29.1,50,10.2,2.0,Snowy
2022-04-19,5,1023.03,10.5,33,4.8,2.0,Cloudy
2022-04-20,2,851.6,34.1,44,3.8,2.0,Sunny
2022-04-21,8,739.07,14.5,53,2.6,2.0,Rainy
2022-04-22,4,1280.91,3.0,86,17.3,2.0,Snowy
2022-04-23,9,678.89,16.7,43,14.0,5.0,Snowy
2022-04-24,5,1100.76,15.6,92,9.5,0.5,Cloudy
2022-04-25,9,569.22,16.6,45,7.7,0.5,Snowy
2022-04-26,4,1141.44,22.3,39,7.1,0.0,Rainy
2022-04-27,10,1194.06,31.0,83,15.5,0.5,Snowy
2022-04-28,5,1218.96,18.1,29,19.5,10.0,Rainy
2022-04-29,9,967.76,13.1,86,7.0,0.5,Sunny
2022-04-30,8,1316.8,8.7,43,15.7,5.0,Sunny
2022-05-01,3,1461.56,15.3,24,10.1,2.0,Rainy
2022-05-02,1,935.68,1.1,86,8.9,2.0,Cloudy
2022-05-03,3,909.8,12.7,77,17.5,5.0,Snowy
2022-05-04,4,1029.84,32.4,46,9.9,10.0,Cloudy
2022-05-05,2,904.46,11.8,99,11.5,0.5,Snowy
2022-05-06,1,875.23,26.3,34,11.2,5.0,Sunny
2022-05-07,7,892.65,7.7,54,1.9,0.0,Sunny
2022-05-08,8,1343.15,37.7,95,11.4,2.0,Sunny
2022-05-09,7,1154.38,38.4,72,7.2,1.0,Snowy
2022-05-10,5,903.81,25.9,63,2.9,0.0,Sunny
2022-05-11,1,508.97,39.9,45,7.4,10.0,Sunny
2022-05-12,7,691.11,23.6,66,7.4,0.0,Sunny
2022-05-13,7,1100.69,27.7,53,15.1,5.0,Sunny
2022-05-14,9,575.69,32.6,69,4.7,0.5,Cloudy
2022-05-15,3,1058.6,21.8,31,6.1,2.0,Sunny
2022-05-16,9,786.89,4.5,23,11.2,10.0,Sunny
2022-05-17,1,1018.36,27.9,67,3.4,10.0,Cloudy
2022-05-18,1,1012.77,15.3,74,6.7,1.0,Cloudy
2022-05-19,4,1024.12,16.0,20,1.7,0.0,Snowy
2022-05-20,9,921.12,23.0,85,14.6,1.0,Rainy
2022-05-21,6,914.54,25.7,49,8.5,0.5,Sunny
2022-05-22,3,855.84,21.5,22,9.9,0.5,Sunny
2022-05-23,1,1096.78,26.4,40,14.6,1.0,Sunny
2022-05-24,4,1161.04,12.9,68,6.4,2.0,Snowy
2022-05-25,9,756.21,19.6,81,8.4,0.5,Sunny
2022-05-26,3,989.67,28.5,57,4.7,1.0,Rainy
2022-05-27,9,1039.32,37.7,34,4.7,0.0,Cloudy
2022-05-28,7,1036.75,41.3,71,5.4,1.0,Snowy
2022-05-29,4,1033.35,24.3,98,7.5,1.0,Cloudy
2022-05-30,3,919.59,28.4,65,8.1,5.0,Sunny
2022-05-31,10,1055.81,39.8,44,11.4,0.5,Sunny
2022-06-01,5,1123.61,13.3,40,5.5,2.0,Sunny
2022-06-02,5,1028.21,26.3,24,11.6,2.0,Rainy
2022-06-03,3,1101.19,27.7,89,12.4,5.0,Rainy
2022-06-04,9,1198.07,34.5,66,7.7,10.0,Snowy
2022-06-05,4,629.81,8.6,87,6.0,2.0,Cloudy
2022-06-06,5,1188.69,10.6,37,10.4,1.0,Sunny
2022-06-07,4,1068.49,20.2,40,9.0,5.0,Sunny
2022-06-08,5,777.67,23.8,42,11.1,0.0,Sunny
2022-06-09,7,1160.49,31.2,83,17.8,0.5,Sunny
2022-06-10,9,920.34,25.2,86,10.3,0.5,Rainy
2022-06-11,7,947.61,18.5,59,6.8,0.5,Cloudy
2022-06-12,5,898.46,24.2,29,5.5,1.0,Cloudy
2022-06-13,10,1060.48,23.0,71,5.7,0.0,Snowy
2022-06-14,10,842.93,37.5,91,2.7,5.0,Rainy
2022-06-15,7,1180.29,21.7,94,14.7,5.0,Sunny
2022-06-16,10,972.23,16.2,80,-1.2,0.5,Cloudy
2022-06-17,5,927.16,24.5,83,12.4,0.0,Cloudy
2022-06-18,3,1150.58,22.0,24,5.7,0.0,Rainy
2022-06-19,7,936.09,4.3,72,7.4,0.0,Snowy
2022-06-20,2,1189.64,19.8,74,5.5,2.0,Snowy
2022-06-21,9,1195.92,19.0,56,17.2,2.0,Sunny
2022-06-22,10,733.04,14.6,75,10.1,0.5,Snowy
2022-06-23,10,1221.85,30.4,78,14.0,0.0,Cloudy
2022-06-24,1,707.59,12.1,88,16.5,10.0,Snowy
2022-06-25,6,1234.32,24.6,92,10.8,0.0,Sunny
2022-06-26,7,1405.67,18.5,78,4.0,5.0,Cloudy
2022-06-27,8,1174.97,21.1,21,8.9,5.0,Snowy
2022-06-28,10,568.6,24.1,84,6.3,0.5,Snowy
2022-06-29,9,1212.71,6.9,79,7.5,10.0,Rainy
2022-06-30,2,1449.23,21.9,70,9.5,0.0,Sunny
2022-07-01,10,939.39,42.9,49,9.3,10.0,Snowy
2022-07-02,2,993.06,4.4,30,12.1,0.5,Rainy
2022-07-03,5,762.3,19.4,95,12.8,5.0,Cloudy
2022-07-04,5,1062.42,31.2,58,9.3,5.0,Rainy
2022-07-05,6,1253.84,23.0,96,12.0,2.0,Rainy
2022-07-06,3,1139.55,26.9,91,7.3,0.5,Snowy
2022-07-07,8,1628.39,-3.8,82,16.6,0.5,Snowy
2022-07-08,1,1006.61,26.0,83,7.2,0.0,Snowy
2022-07-09,6,673.87,12.4,80,16.0,0.0,Rainy
2022-07-10,4,1034.19,23.1,73,2.6,2.0,Cloudy
2022-07-11,1,516.71,19.7,92,8.1,1.0,Sunny
2022-07-12,7,893.38,42.8,77,8.3,10.0,Rainy
2022-07-13,9,1324.88,25.5,75,11.4,1.0,Snowy
2022-07-14,4,1065.03,18.9,53,14.3,1.0,Sunny
2022-07-15,4,1035.88,4.9,50,3.8,0.5,Cloudy
2022-07-16,6,1364.16,21.2,71,4.5,10.0,Sunny
2022-07-17,3,945.88,28.2,95,3.0,0.5,Snowy
2022-07-18,6,1252.36,19.2,20,16.6,10.0,Rainy
2022-07-19,7,1025.86,14.9,74,11.5,5.0,Rainy
2022-07-20,10,1076.01,14.3,41,4.6,0.5,Snowy
2022-07-21,10,756.54,25.4,59,7.8,0.5,Rainy
2022-07-22,3,903.59,27.6,20,15.9,0.5,Snowy
2022-07-23,7,720.5,33.6,84,8.6,2.0,Rainy
2022-07-24,3,980.95,10.1,82,8.3,0.5,Rainy
2022-07-25,2,1078.08,25.3,73,6.1,0.0,Rainy
2022-07-26,10,777.99,18.8,61,4.9,0.0,Cloudy
2022-07-27,4,1409.84,19.1,40,15.9,10.0,Cloudy
2022-07-28,8,1055.62,24.0,98,18.4,5.0,Snowy
2022-07-29,9,1011.56,24.1,41,5.1,2.0,Cloudy
2022-07-30,7,1153.93,25.3,57,17.0,10.0,Snowy
2022-07-31,1,834.21,9.4,99,7.6,0.0,Sunny
2022-08-01,3,1032.7,12.5,27,12.7,2.0,Sunny
2022-08-02,9,856.63,34.9,81,17.1,2.0,Cloudy
2022-08-03,1,1311.74,17.8,66,9.3,5.0,Sunny
2022-08-04,9,788.27,23.1,36,8.4,2.0,Sunny
2022-08-05,8,1012.63,30.5,36,14.0,0.5,Rainy
2022-08-06,1,1065.86,24.6,32,4.5,2.0,Rainy
2022-08-07,6,1078.97,25.5,36,15.7,5.0,Snowy
2022-08-08,5,883.75,28.9,57,10.7,10.0,Sunny
2022-08-09,6,820.9,-1.2,97,7.1,5.0,Snowy
2022-08-10,10,886.64,15.1,64,7.0,5.0,Snowy
2022-08-11,5,1105.67,24.7,25,3.1,0.0,Sunny
2022-08-12,6,971.23,33.9,54,7.3,0.5,Cloudy
2022-08-13,5,1159.24,20.7,33,8.7,0.0,Sunny
2022-08-14,5,1095.4,11.6,91,4.7,10.0,Rainy
2022-08-15,4,544.62,11.8,80,9.8,1.0,Sunny
2022-08-16,3,1049.5,28.8,34,12.4,10.0,Cloudy
2022-08-17,3,1450.09,17.8,73,8.9,0.5,Snowy
2022-08-18,4,1265.05,19.9,46,13.3,2.0,Snowy
2022-08-19,9,1084.4,26.2,32,6.0,5.0,Rainy
2022-08-20,2,788.12,-9.0,50,15.0,1.0,Rainy
2022-08-21,9,1095.51,40.0,54,10.6,0.5,Rainy
2022-08-22,1,1147.95,12.7,79,17.7,0.0,Snowy
2022-08-23,1,949.25,22.4,25,22.1,5.0,Rainy
2022-08-24,5,1063.35,3.0,88,7.6,10.0,Sunny
2022-08-25,6,1301.93,15.8,77,7.9,0.0,Snowy
2022-08-26,6,828.55,32.4,68,8.8,0.5,Cloudy
2022-08-27,3,788.34,0.8,42,13.0,0.5,Snowy
2022-08-28,7,1138.54,31.3,53,16.6,10.0,Sunny
2022-08-29,9,1091.51,17.3,45,6.7,1.0,Sunny
2022-08-30,10,1205.77,24.9,66,11.9,10.0,Rainy
2022-08-31,8,1113.96,26.6,24,9.3,2.0,Snowy
2022-09-01,6,886.45,24.4,39,13.1,0.0,Snowy
2022-09-02,8,1086.44,11.4,25,17.5,1.0,Snowy
2022-09-03,5,771.57,16.4,89,8.8,5.0,Cloudy
2022-09-04,8,949.94,5.4,78,1.7,2.0,Rainy
2022-09-05,10,1100.56,24.9,83,13.7,1.0,Sunny
2022-09-06,4,927.9,37.0,37,5.8,0.0,Sunny
2022-09-07,10,1493.61,1.8,23,9.3,0.5,Rainy
2022-09-08,8,621.56,12.4,36,13.9,5.0,Sunny
2022-09-09,10,890.5,18.2,33,11.5,10.0,Sunny
2022-09-10,2,812.44,21.7,97,9.5,0.0,Rainy
2022-09-11,5,859.93,28.8,32,7.1,2.0,Sunny
2022-09-12,9,871.4,18.5,26,-4.5,2.0,Snowy
2022-09-13,4,734.72,16.8,63,13.5,0.5,Cloudy
2022-09-14,6,1150.54,31.0,34,8.7,0.5,Rainy
2022-09-15,1,890.58,26.6,38,17.6,5.0,Cloudy
2022-09-16,9,1032.71,25.4,82,12.0,10.0,Sunny
2022-09-17,1,913.03,21.1,54,7.3,5.0,Sunny
2022-09-18,5,861.82,29.8,54,15.3,0.5,Snowy
2022-09-19,4,1334.46,13.4,38,15.8,0.5,Rainy
2022-09-20,3,1184.59,12.1,39,8.9,2.0,Sunny
2022-09-21,6,626.36,27.5,54,16.0,0.5,Rainy
2022-09-22,2,605.17,3.7,51,7.2,1.0,Rainy
2022-09-23,3,1208.52,20.9,67,10.8,0.0,Rainy
2022-09-24,5,896.03,16.8,63,12.9,0.5,Rainy
2022-09-25,9,670.18,5.9,43,13.9,5.0,Rainy
2022-09-26,2,1209.15,10.7,80,13.1,10.0,Cloudy
2022-09-27,10,1033.82,18.9,36,8.3,10.0,Snowy
2022-09-28,8,1050.31,30.3,90,15.5,10.0,Rainy
2022-09-29,2,1161.91,13.5,69,9.4,1.0,Cloudy
2022-09-30,5,738.0,32.1,84,7.2,5.0,Sunny
2022-10-01,7,673.7,20.6,51,7.2,1.0,Rainy
2022-10-02,8,1316.19,33.1,55,19.7,0.5,Sunny
2022-10-03,1,712.57,14.0,32,6.3,0.0,Rainy
2022-10-04,6,755.55,19.5,89,16.5,10.0,Cloudy
2022-10-05,1,795.51,23.7,77,4.3,5.0,Cloudy
2022-10-06,2,1415.99,18.2,33,12.4,10.0,Cloudy
2022-10-07,1,1098.68,29.5,56,11.5,1.0,Snowy
2022-10-08,5,1193.08,-2.1,98,18.1,2.0,Sunny
2022-10-09,10,1039.23,44.2,87,6.7,0.5,Snowy
2022-10-10,9,879.62,28.6,59,5.3,0.0,Rainy
2022-10-11,6,1126.26,18.3,78,9.4,0.5,Sunny
2022-10-12,1,688.68,14.5,99,18.3,2.0,Cloudy
2022-10-13,1,780.94,11.3,35,5.6,0.0,Sunny
2022-10-14,2,1146.6,26.5,81,-2.9,2.0,Cloudy
2022-10-15,9,728.55,29.9,23,10.3,0.5,Snowy
2022-10-16,3,962.18,18.4,64,14.7,1.0,Snowy
2022-10-17,1,971.3,31.1,47,4.9,0.5,Cloudy
2022-10-18,5,894.27,10.9,85,14.2,0.5,Cloudy
2022-10-19,7,609.78,9.2,50,4.8,0.5,Rainy
2022-10-20,6,874.21,38.1,22,9.3,5.0,Snowy
2022-10-21,1,835.01,25.9,27,13.8,2.0,Snowy
2022-10-22,5,1032.29,34.0,43,4.1,2.0,Rainy
2022-10-23,5,1022.1,11.5,34,10.9,10.0,Snowy
2022-10-24,6,1075.59,10.8,62,16.1,2.0,Cloudy
2022-10-25,3,864.8,16.4,50,12.4,10.0,Sunny
2022-10-26,5,1104.56,11.8,92,6.4,5.0,Sunny
2022-10-27,7,688.8,27.1,64,17.6,1.0,Snowy
2022-10-28,5,635.62,12.5,85,13.3,10.0,Rainy
2022-10-29,5,532.89,8.3,27,0.7,0.5,Cloudy
2022-10-30,5,900.14,21.4,90,14.3,1.0,Sunny
2022-10-31,10,849.34,7.1,76,7.1,5.0,Cloudy
2022-11-01,10,1157.86,2.0,99,11.0,2.0,Snowy
2022-11-02,3,870.27,21.3,49,15.0,10.0,Snowy
2022-11-03,1,1054.68,2.5,93,7.3,0.5,Sunny
2022-11-04,5,1162.66,27.8,37,1.8,0.0,Snowy
2022-11-05,9,862.74,6.0,88,17.5,0.0,Rainy
2022-11-06,1,1059.61,-2.4,58,15.8,1.0,Snowy
2022-11-07,3,1200.39,17.1,79,9.6,2.0,Snowy
2022-11-08,4,752.37,21.4,62,14.3,0.0,Snowy
2022-11-09,1,1004.97,24.9,64,8.2,1.0,Cloudy
2022-11-10,1,863.59,21.7,42,10.5,5.0,Cloudy
2022-11-11,8,765.1,9.4,88,9.3,1.0,Sunny
2022-11-12,2,692.71,27.1,25,8.4,1.0,Sunny
2022-11-13,8,761.87,29.6,75,11.8,1.0,Sunny
2022-11-14,7,1012.01,7.9,23,4.0,0.5,Snowy
2022-11-15,10,677.83,18.2,42,8.7,1.0,Cloudy
2022-11-16,10,889.85,17.3,25,11.6,10.0,Rainy
2022-11-17,2,1162.64,22.2,51,19.2,1.0,Snowy
2022-11-18,6,1089.8,18.0,37,4.2,0.5,Snowy
2022-11-19,6,893.9,19.3,34,12.6,0.5,Snowy
2022-11-20,3,1337.94,26.4,59,13.2,5.0,Rainy
2022-11-21,2,1378.61,8.9,92,0.6,2.0,Sunny
2022-11-22,1,1005.22,27.4,93,12.1,0.0,Rainy
2022-11-23,6,506.29,31.4,25,14.4,0.0,Sunny
2022-11-24,5,1177.29,36.3,82,12.9,1.0,Rainy
2022-11-25,9,541.2,-1.4,86,9.6,5.0,Cloudy
2022-11-26,1,1295.23,18.2,30,11.7,1.0,Snowy
2022-11-27,7,1216.72,0.3,62,10.8,0.0,Snowy
2022-11-28,5,1354.84,-4.4,36,1.6,0.5,Snowy
2022-11-29,5,1052.05,21.4,23,11.0,2.0,Sunny
2022-11-30,2,927.72,16.0,82,8.2,5.0,Rainy
2022-12-01,3,909.98,23.0,87,6.5,0.5,Cloudy
2022-12-02,7,890.75,24.9,60,22.4,2.0,Rainy
2022-12-03,6,1196.21,32.5,24,16.3,5.0,Snowy
2022-12-04,2,1142.45,20.5,51,4.2,5.0,Cloudy
2022-12-05,6,1024.05,49.2,89,11.7,0.0,Cloudy
2022-12-06,2,855.56,23.1,54,17.3,0.5,Snowy
2022-12-07,2,1525.84,38.4,41,2.5,5.0,Rainy
2022-12-08,2,1182.47,-3.3,84,10.4,10.0,Snowy
2022-12-09,3,680.46,33.5,41,10.6,5.0,Rainy
2022-12-10,2,896.75,18.2,30,3.6,2.0,Cloudy
2022-12-11,4,1186.36,0.5,96,11.9,0.0,Cloudy
2022-12-12,9,840.09,24.2,22,15.6,1.0,Snowy
2022-12-13,6,1070.31,17.0,28,17.5,0.0,Cloudy
2022-12-14,1,1190.16,25.8,79,8.8,1.0,Sunny
2022-12-15,8,322.31,30.1,95,22.5,0.5,Cloudy
2022-12-16,7,978.39,5.1,33,-0.3,0.5,Sunny
2022-12-17,10,986.24,30.1,37,11.8,5.0,Cloudy
2022-12-18,3,917.59,20.1,92,2.9,10.0,Snowy
2022-12-19,1,1060.34,33.5,42,10.5,0.5,Snowy
2022-12-20,5,1131.5,17.9,93,7.4,5.0,Sunny
2022-12-21,4,1028.41,15.3,66,12.5,0.0,Snowy
2022-12-22,10,925.23,20.3,88,9.4,0.5,Cloudy
2022-12-23,8,1126.52,21.0,66,5.9,0.0,Cloudy
2022-12-24,1,1009.81,13.4,49,6.2,0.0,Snowy
2022-12-25,10,953.86,15.0,44,19.7,10.0,Cloudy
2022-12-26,1,737.54,7.7,47,12.2,0.5,Rainy
2022-12-27,4,687.47,15.7,44,1.5,0.0,Rainy
2022-12-28,8,733.75,26.8,93,12.8,10.0,Cloudy
2022-12-29,5,1055.67,18.6,97,9.0,10.0,Snowy
2022-12-30,2,984.18,30.1,77,10.0,0.5,Sunny
2022-12-31,6,703.94,18.1,60,14.1,10.0,Snowy
2023-01-01,5,1129.18,5.7,44,15.9,0.5,Sunny
2023-01-02,2,1274.86,26.0,97,5.7,0.5,Snowy
2023-01-03,3,880.3,13.3,67,9.9,1.0,Cloudy
2023-01-04,9,651.8,17.7,29,7.3,0.0,Rainy
2023-01-05,7,858.17,32.4,94,13.0,2.0,Snowy
2023-01-06,7,1170.89,8.4,30,8.8,0.5,Sunny
2023-01-07,6,1109.71,21.6,40,10.1,0.0,Rainy
2023-01-08,8,815.51,19.6,64,8.6,10.0,Sunny
2023-01-09,4,1304.23,27.0,26,9.5,5.0,Cloudy
2023-01-10,8,1269.66,28.6,83,18.5,0.5,Rainy
2023-01-11,4,853.4,22.6,83,22.0,10.0,Sunny
2023-01-12,8,851.34,16.4,21,11.9,10.0,Snowy
2023-01-13,9,881.43,24.7,95,9.5,10.0,Cloudy
2023-01-14,3,898.53,33.4,61,2.0,10.0,Cloudy
2023-01-15,3,1190.11,19.7,73,6.2,10.0,Cloudy
2023-01-16,2,1085.07,17.3,94,9.4,0.5,Snowy
2023-01-17,10,1175.42,23.9,35,6.4,2.0,Snowy
2023-01-18,3,1134.71,20.4,37,7.0,1.0,Rainy
2023-01-19,3,1342.91,6.6,78,17.9,10.0,Snowy
2023-01-20,5,788.12,22.4,35,10.1,10.0,Rainy
2023-01-21,5,1076.07,6.5,25,10.6,1.0,Cloudy
2023-01-22,2,565.24,23.7,76,6.6,0.5,Rainy
2023-01-23,10,736.61,12.0,66,15.9,0.0,Sunny
2023-01-24,6,985.03,20.4,67,8.9,5.0,Cloudy
2023-01-25,5,1083.64,23.9,61,7.4,5.0,Cloudy
2023-01-26,6,979.64,44.5,95,2.1,0.0,Rainy
2023-01-27,1,886.56,27.4,79,9.7,0.5,Cloudy
2023-01-28,5,922.12,33.6,96,7.2,5.0,Snowy
2023-01-29,9,1273.89,38.7,23,18.4,1.0,Sunny
2023-01-30,10,923.19,24.9,21,19.2,0.0,Rainy
2023-01-31,2,1349.85,22.9,78,3.8,2.0,Rainy
2023-02-01,1,1158.8,9.3,46,4.4,0.5,Cloudy
2023-02-02,10,1091.51,18.8,46,8.6,0.0,Snowy
2023-02-03,9,761.28,12.8,98,5.9,5.0,Cloudy
2023-02-04,10,1187.05,16.0,91,11.1,0.5,Cloudy
2023-02-05,9,901.25,38.7,26,8.4,1.0,Rainy
2023-02-06,9,761.11,21.1,82,11.4,0.5,Cloudy
2023-02-07,6,1102.57,11.2,65,15.1,0.5,Sunny
2023-02-08,8,722.41,33.7,82,4.7,1.0,Cloudy
2023-02-09,1,847.55,29.6,31,15.0,10.0,Cloudy
2023-02-10,10,997.98,30.1,32,6.4,1.0,Rainy
2023-02-11,4,1443.68,-0.1,62,20.7,0.5,Cloudy
2023-02-12,1,862.62,39.5,36,18.1,1.0,Snowy
2023-02-13,8,908.36,14.4,82,9.4,10.0,Rainy
2023-02-14,1,1146.47,27.8,55,5.2,0.0,Cloudy
2023-02-15,3,752.34,45.2,27,4.2,1.0,Sunny
2023-02-16,4,1088.56,41.6,88,14.4,1.0,Sunny
2023-02-17,8,1241.19,10.2,99,9.8,0.5,Rainy
2023-02-18,6,938.58,5.6,55,14.6,0.0,Rainy
2023-02-19,10,1205.23,34.3,47,21.0,2.0,Cloudy
2023-02-20,7,1058.29,21.4,66,6.1,2.0,Snowy
2023-02-21,8,853.86,15.0,95,3.8,5.0,Cloudy
2023-02-22,2,960.44,26.2,49,11.0,1.0,Sunny
2023-02-23,10,924.05,18.4,42,15.7,1.0,Snowy
2023-02-24,8,982.47,27.0,35,5.3,0.0,Snowy
2023-02-25,3,1030.54,20.7,33,10.2,10.0,Snowy
2023-02-26,7,1117.64,27.2,93,16.9,2.0,Cloudy
2023-02-27,3,1101.73,11.1,90,1.8,5.0,Sunny
2023-02-28,7,513.66,34.2,71,11.2,0.0,Rainy
2023-03-01,2,980.54,27.0,56,7.3,1.0,Cloudy
2023-03-02,10,698.12,26.5,48,10.6,2.0,Rainy
2023-03-03,6,944.85,8.8,86,13.5,5.0,Snowy
2023-03-04,3,975.24,37.0,34,11.1,0.5,Snowy
2023-03-05,3,1195.23,19.9,66,4.9,2.0,Cloudy
2023-03-06,9,993.98,27.3,65,7.5,5.0,Sunny
2023-03-07,7,1051.84,16.8,71,17.1,0.0,Snowy
2023-03-08,5,1158.61,22.6,38,11.6,0.5,Rainy
2023-03-09,10,1245.55,23.0,96,14.2,5.0,Rainy
2023-03-10,7,975.4,-8.2,40,11.3,5.0,Cloudy
2023-03-11,9,1018.84,25.8,83,14.0,1.0,Rainy
2023-03-12,1,1002.0,39.7,56,8.0,10.0,Sunny
2023-03-13,7,891.48,25.4,46,6.2,2.0,Snowy
2023-03-14,6,846.18,10.4,74,13.8,1.0,Rainy
2023-03-15,10,545.62,26.5,48,15.6,0.5,Rainy
2023-03-16,9,784.67,30.6,39,5.4,10.0,Snowy
2023-03-17,1,644.27,25.1,44,7.1,5.0,Cloudy
2023-03-18,4,1251.04,19.3,89,9.2,1.0,Rainy
2023-03-19,9,1037.68,17.6,82,18.1,10.0,Cloudy
2023-03-20,4,974.81,17.5,55,12.8,2.0,Cloudy
2023-03-21,10,856.5,27.0,21,3.4,0.5,Rainy
2023-03-22,3,1005.96,5.9,41,9.5,0.0,Sunny
2023-03-23,9,830.4,16.3,35,8.8,1.0,Cloudy
2023-03-24,2,1034.8,36.0,37,4.1,0.5,Rainy
2023-03-25,4,1049.15,36.3,88,9.5,0.0,Cloudy
2023-03-26,6,827.72,5.2,73,8.5,1.0,Snowy
2023-03-27,2,823.91,8.7,49,8.2,0.5,Sunny
2023-03-28,8,1192.44,17.3,64,8.0,0.5,Sunny
2023-03-29,8,989.43,28.9,38,17.4,10.0,Snowy
2023-03-30,1,843.8,1.7,53,8.2,1.0,Snowy
2023-03-31,3,925.9,19.5,32,10.2,0.5,Cloudy
2023-04-01,10,797.88,15.3,62,9.7,5.0,Snowy
2023-04-02,9,986.56,33.3,81,7.5,1.0,Sunny
2023-04-03,5,1166.33,3.2,41,10.4,0.5,Snowy
2023-04-04,6,994.47,20.9,71,10.3,10.0,Rainy
2023-04-05,4,1472.73,16.1,71,10.4,0.0,Rainy
2023-04-06,10,1084.27,34.7,55,5.7,0.0,Cloudy
2023-04-07,2,1045.99,26.0,92,9.0,5.0,Sunny
2023-04-08,8,818.34,14.1,38,13.8,1.0,Rainy
2023-04-09,6,952.29,28.5,57,9.1,10.0,Snowy
2023-04-10,5,844.2,16.1,89,10.8,0.5,Rainy
2023-04-11,9,566.87,30.0,98,10.8,0.5,Rainy
2023-04-12,1,1194.85,17.6,76,12.1,0.0,Cloudy
2023-04-13,5,897.71,30.5,39,12.8,10.0,Snowy
2023-04-14,6,847.92,24.4,28,9.1,5.0,Snowy
2023-04-15,5,1042.11,52.6,51,5.4,0.0,Snowy
2023-04-16,6,1102.5,19.5,23,3.9,0.0,Cloudy
2023-04-17,6,935.85,23.8,69,15.1,5.0,Snowy
2023-04-18,7,999.48,15.2,24,13.9,1.0,Snowy
2023-04-19,4,1149.24,20.0,39,13.2,0.5,Rainy
2023-04-20,8,927.96,-7.0,94,14.1,1.0,Rainy
2023-04-21,7,1060.47,24.7,56,9.2,10.0,Snowy
2023-04-22,9,668.15,33.4,41,6.9,2.0,Sunny
2023-04-23,7,751.74,24.0,77,5.1,2.0,Sunny
2023-04-24,3,1121.11,6.9,87,4.6,2.0,Snowy
2023-04-25,3,741.29,12.0,63,16.1,5.0,Sunny
2023-04-26,8,1046.83,-4.3,53,7.5,0.0,Cloudy
2023-04-27,5,970.6,29.8,96,15.3,1.0,Rainy
2023-04-28,4,927.11,9.9,61,9.1,0.5,Cloudy
2023-04-29,8,834.31,19.7,28,6.6,2.0,Rainy
2023-04-30,6,1181.87,18.5,26,4.5,1.0,Sunny
2023-05-01,2,1345.98,34.9,87,7.1,2.0,Sunny
2023-05-02,4,1060.04,20.9,38,17.1,2.0,Snowy
2023-05-03,4,1064.5,28.1,50,4.6,0.5,Sunny
2023-05-04,6,863.53,25.5,54,20.6,10.0,Sunny
2023-05-05,6,760.78,33.6,76,5.8,10.0,Snowy
2023-05-06,1,992.05,17.6,80,13.7,10.0,Snowy
2023-05-07,8,805.25,38.7,50,9.3,5.0,Rainy
2023-05-08,6,645.48,0.1,72,8.4,0.0,Sunny
2023-05-09,3,1160.69,28.6,51,3.6,5.0,Rainy
2023-05-10,9,1170.43,11.3,85,9.5,1.0,Rainy
2023-05-11,2,828.23,15.1,78,4.2,5.0,Cloudy
2023-05-12,8,1048.79,25.7,29,1.6,1.0,Sunny
2023-05-13,10,1200.39,25.6,21,10.6,1.0,Sunny
2023-05-14,3,1041.01,26.1,85,6.8,0.0,Cloudy
2023-05-15,5,761.37,6.1,79,18.4,0.5,Rainy
2023-05-16,6,953.42,34.5,36,15.0,0.0,Sunny
2023-05-17,10,1265.36,11.0,35,18.5,10.0,Rainy
2023-05-18,6,1049.41,12.3,35,6.6,10.0,Cloudy
2023-05-19,4,1107.83,26.4,65,10.7,5.0,Snowy
2023-05-20,3,1068.33,17.1,58,-3.1,1.0,Rainy
2023-05-21,4,828.9,23.1,50,8.6,2.0,Sunny
2023-05-22,1,875.83,-1.6,20,10.5,2.0,Snowy
2023-05-23,4,1067.77,22.8,30,10.8,1.0,Rainy
2023-05-24,1,1163.37,22.2,23,9.8,0.0,Rainy
2023-05-25,1,1219.98,14.9,90,10.3,0.5,Snowy
2023-05-26,10,828.38,-0.7,45,-3.6,0.0,Snowy
2023-05-27,6,1086.62,17.9,69,11.3,1.0,Snowy
2023-05-28,5,1237.41,19.6,31,12.4,1.0,Sunny
2023-05-29,4,802.58,16.3,94,16.7,0.5,Sunny
2023-05-30,3,1297.35,1.6,84,11.8,5.0,Rainy
2023-05-31,1,1327.79,35.9,66,9.3,5.0,Rainy
2023-06-01,6,1525.02,13.6,72,15.5,0.5,Cloudy
2023-06-02,2,1046.19,17.8,90,-1.8,5.0,Sunny
2023-06-03,8,1047.28,-4.1,21,7.4,2.0,Rainy
2023-06-04,10,1165.4,35.9,43,6.2,5.0,Snowy
2023-06-05,5,1159.56,15.3,23,9.8,5.0,Snowy
2023-06-06,7,1225.27,21.0,38,-1.0,5.0,Sunny
2023-06-07,10,1156.81,31.2,45,16.6,2.0,Snowy
2023-06-08,2,978.79,13.2,94,8.8,5.0,Cloudy
2023-06-09,8,1244.4,29.6,59,11.6,10.0,Rainy
2023-06-10,2,785.75,-0.6,69,11.1,2.0,Rainy
2023-06-11,4,1001.17,25.5,62,16.3,0.5,Rainy
2023-06-12,1,1312.75,35.7,94,0.7,0.0,Sunny
2023-06-13,5,749.95,14.2,86,10.6,0.5,Snowy
2023-06-14,9,864.5,31.2,31,15.7,0.0,Cloudy
2023-06-15,1,1134.35,38.3,86,9.5,0.5,Sunny
2023-06-16,9,1078.78,17.5,46,5.2,10.0,Rainy
2023-06-17,8,824.99,16.6,73,7.0,0.0,Cloudy
2023-06-18,6,916.76,11.0,85,8.0,0.0,Rainy
2023-06-19,7,763.84,14.9,68,6.4,1.0,Rainy
2023-06-20,3,1196.1,11.8,35,9.2,0.0,Sunny
2023-06-21,1,948.82,11.0,21,17.5,0.0,Rainy
2023-06-22,5,1358.43,32.0,79,7.0,1.0,Cloudy
2023-06-23,2,1016.22,12.1,73,7.6,5.0,Rainy
2023-06-24,5,956.05,22.6,49,12.3,5.0,Snowy
2023-06-25,8,936.64,20.4,57,9.1,1.0,Rainy
2023-06-26,9,951.16,35.0,47,3.4,2.0,Sunny
2023-06-27,2,1022.16,15.0,44,9.7,0.0,Cloudy
2023-06-28,3,1502.48,23.8,29,9.5,0.0,Sunny
2023-06-29,3,932.23,27.9,79,14.9,1.0,Snowy
2023-06-30,1,938.73,34.9,61,5.1,1.0,Rainy
2023-07-01,8,1013.12,14.8,59,14.9,2.0,Sunny
2023-07-02,6,1218.05,13.8,96,9.5,10.0,Sunny
2023-07-03,8,715.8,9.4,61,4.5,5.0,Sunny
2023-07-04,9,1091.02,42.4,66,3.5,0.5,Sunny
2023-07-05,5,836.51,33.8,56,19.7,10.0,Snowy
2023-07-06,3,1110.65,19.6,99,9.2,5.0,Snowy
2023-07-07,5,901.25,39.3,41,14.7,0.0,Rainy
2023-07-08,5,539.18,19.0,76,1.5,10.0,Rainy
2023-07-09,5,1073.92,27.2,46,23.2,1.0,Cloudy
2023-07-10,3,1072.23,20.1,60,14.5,2.0,Snowy
2023-07-11,10,884.18,24.0,99,8.7,5.0,Sunny
2023-07-12,4,872.33,22.9,53,8.5,2.0,Sunny
2023-07-13,9,737.73,15.8,51,13.7,5.0,Cloudy
2023-07-14,10,1154.62,30.9,85,13.4,10.0,Sunny
2023-07-15,9,1176.44,27.2,31,10.9,0.0,Cloudy
2023-07-16,2,824.19,30.3,59,10.1,0.5,Rainy
2023-07-17,8,892.01,23.2,92,12.8,2.0,Snowy
2023-07-18,8,987.34,10.9,95,1.3,2.0,Cloudy
2023-07-19,7,1454.17,37.1,92,8.1,0.5,Sunny
2023-07-20,8,1109.02,17.4,29,1.8,2.0,Cloudy
2023-07-21,3,811.32,23.6,67,13.0,2.0,Rainy
2023-07-22,6,1060.76,26.4,39,6.6,5.0,Sunny
2023-07-23,1,724.66,23.6,58,2.1,5.0,Rainy
2023-07-24,7,1143.6,29.2,79,6.0,0.5,Rainy
2023-07-25,1,1335.11,30.7,85,10.7,0.0,Cloudy
2023-07-26,9,1335.96,17.8,84,9.0,10.0,Rainy
2023-07-27,1,1146.98,36.3,70,4.1,10.0,Sunny
2023-07-28,1,883.32,17.3,55,1.5,2.0,Rainy
2023-07-29,7,739.82,23.4,43,10.4,0.0,Rainy
2023-07-30,2,719.96,16.1,46,7.1,0.5,Cloudy
2023-07-31,5,438.76,13.3,21,8.7,0.5,Rainy
2023-08-01,8,1138.77,30.4,50,9.2,5.0,Snowy
2023-08-02,8,979.43,51.2,76,12.2,2.0,Cloudy
2023-08-03,3,1181.84,16.4,97,14.2,1.0,Cloudy
2023-08-04,7,1285.61,32.2,85,10.7,0.5,Sunny
2023-08-05,3,1019.98,16.7,48,8.4,2.0,Sunny
2023-08-06,6,1029.19,19.9,34,10.1,0.0,Sunny
2023-08-07,6,907.14,37.6,31,8.3,5.0,Sunny
2023-08-08,3,930.78,9.3,47,1.8,10.0,Snowy
2023-08-09,7,1145.69,6.6,43,15.5,0.0,Cloudy
2023-08-10,3,965.12,19.1,40,14.5,0.5,Rainy
2023-08-11,8,936.2,26.6,29,19.9,0.5,Sunny
2023-08-12,10,996.34,24.6,97,21.4,0.0,Sunny
2023-08-13,4,1177.27,23.6,37,4.1,0.5,Sunny
2023-08-14,1,861.47,20.3,33,8.3,2.0,Rainy
2023-08-15,4,986.69,27.9,53,22.6,0.5,Sunny
2023-08-16,7,1049.06,-9.1,77,9.8,5.0,Rainy
2023-08-17,4,1232.04,12.5,95,11.2,2.0,Cloudy
2023-08-18,6,952.14,19.1,41,2.4,1.0,Cloudy
2023-08-19,9,856.44,27.0,89,10.8,0.5,Cloudy
2023-08-20,1,903.13,34.9,55,19.7,0.5,Snowy
2023-08-21,5,1210.61,11.1,64,16.4,5.0,Rainy
2023-08-22,7,1406.66,34.6,55,7.0,5.0,Sunny
2023-08-23,1,737.25,15.5,41,8.0,10.0,Sunny
2023-08-24,4,780.94,18.7,97,4.3,0.0,Sunny
2023-08-25,6,966.24,25.8,99,5.7,0.0,Sunny
2023-08-26,2,1022.19,18.0,80,0.4,0.0,Snowy
2023-08-27,10,1157.39,31.1,75,9.6,5.0,Sunny
2023-08-28,5,821.77,16.0,52,17.6,0.0,Snowy
2023-08-29,10,787.38,16.1,64,11.8,0.0,Rainy
2023-08-30,1,1027.62,30.5,55,16.8,1.0,Cloudy
2023-08-31,6,948.32,12.4,39,15.4,0.0,Sunny
2023-09-01,6,1185.34,22.5,37,7.3,0.5,Cloudy
2023-09-02,4,1097.47,3.4,57,6.2,10.0,Rainy
2023-09-03,8,1111.08,38.2,86,6.4,5.0,Rainy
2023-09-04,4,979.1,32.1,42,1.4,2.0,Sunny
2023-09-05,8,1471.12,47.5,35,10.2,10.0,Rainy
2023-09-06,8,832.45,33.4,78,-4.5,1.0,Cloudy
2023-09-07,5,1122.16,8.7,88,13.0,5.0,Sunny
2023-09-08,4,746.06,26.7,87,10.4,5.0,Snowy
2023-09-09,2,785.31,10.8,40,12.4,0.5,Sunny
2023-09-10,3,878.53,35.8,97,15.3,10.0,Cloudy
2023-09-11,3,1325.86,9.0,97,11.0,10.0,Sunny
2023-09-12,4,1052.78,8.5,89,18.2,0.0,Sunny
2023-09-13,4,881.9,3.9,31,13.1,0.5,Cloudy
2023-09-14,10,1074.89,15.1,35,6.2,0.0,Sunny
2023-09-15,5,1007.03,13.1,33,8.8,0.0,Sunny
2023-09-16,4,901.61,7.4,80,-1.3,5.0,Cloudy
2023-09-17,10,720.67,39.9,90,5.5,10.0,Rainy
2023-09-18,8,1287.71,25.3,65,8.1,0.0,Cloudy
2023-09-19,6,1041.96,24.1,51,12.7,1.0,Sunny
2023-09-20,6,1434.75,35.9,34,6.2,1.0,Snowy
2023-09-21,8,1188.06,22.6,63,3.8,10.0,Snowy
2023-09-22,7,1110.26,12.5,36,0.6,1.0,Cloudy
2023-09-23,10,912.96,3.0,60,7.0,5.0,Snowy
2023-09-24,10,780.93,11.9,73,19.8,0.5,Sunny
2023-09-25,8,956.45,35.1,63,11.4,2.0,Sunny
2023-09-26,2,775.14,7.4,24,14.7,0.0,Cloudy
2023-09-27,9,1130.04,23.5,46,5.5,2.0,Sunny
